brand,model,page_url,image_url,reason
MOSCOT,The Lab,https://moscot.com/products/the-lab,,no MOSCOT front-ish product image
MOSCOT,Lemtosh Alternative Fit,https://moscot.com/products/lemtosh-alternative-fit,,no MOSCOT front-ish product image
MOSCOT,Miltzen Alternative Fit,https://moscot.com/products/miltzen-alternative-fit,,no MOSCOT front-ish product image
MOSCOT,Fritz,https://moscot.com/products/fritz,,no MOSCOT front-ish product image
MOSCOT,Gelt,https://moscot.com/products/gelt,,no MOSCOT front-ish product image
MOSCOT,Zolman,https://moscot.com/products/zolman,,no MOSCOT front-ish product image
MOSCOT,Vilda,https://moscot.com/products/vilda,,no MOSCOT front-ish product image
MOSCOT,Smendrik,https://moscot.com/products/smendrik,,no MOSCOT front-ish product image
MOSCOT,Telena,https://moscot.com/products/telena,,no MOSCOT front-ish product image
MOSCOT,Foygel,https://moscot.com/products/foygel,,no MOSCOT front-ish product image
MOSCOT,Lemtosh Tt Se,https://moscot.com/products/lemtosh-tt-se,,no MOSCOT front-ish product image
MOSCOT,Momza,https://moscot.com/products/momza,,no MOSCOT front-ish product image
MOSCOT,Billik,https://moscot.com/products/billik,,no MOSCOT front-ish product image
MOSCOT,Yontif,https://moscot.com/products/yontif,,no MOSCOT front-ish product image
MOSCOT,Aidim,https://moscot.com/products/aidim,,no MOSCOT front-ish product image
MOSCOT,Alex,https://moscot.com/products/alex,,HTTP Error 404: Not Found
MOSCOT,Arbita,https://moscot.com/products/arbita,,no MOSCOT front-ish product image
MOSCOT,Brude,https://moscot.com/products/brude,,no MOSCOT front-ish product image
MOSCOT,Dudel,https://moscot.com/products/dudel,,no MOSCOT front-ish product image
MOSCOT,Genug,https://moscot.com/products/genug,,no MOSCOT front-ish product image
MOSCOT,Kash,https://moscot.com/products/kash,,no MOSCOT front-ish product image
MOSCOT,Avram,https://moscot.com/products/avram,,HTTP Error 404: Not Found
MOSCOT,Baba,https://moscot.com/products/baba,,no MOSCOT front-ish product image
MOSCOT,Balebus,https://moscot.com/products/balebus,,no MOSCOT front-ish product image
MOSCOT,Moscot Beanie,https://moscot.com/products/moscot-beanie,,no MOSCOT front-ish product image
MOSCOT,Snapback,https://moscot.com/products/snapback,,no MOSCOT front-ish product image
MOSCOT,Bissle,https://moscot.com/products/bissle,,no MOSCOT front-ish product image
MOSCOT,Bluma,https://moscot.com/products/bluma,,no MOSCOT front-ish product image
Ray-Ban,Oakley Meta Hstn,https://www.opsm.com.au/oakley-meta/oakley-meta-hstn/888392682871,,no model-matching OPSM image
Ray-Ban,Ray Ban Meta (Gen 2) Wayfarer,https://www.opsm.com.au/glasses/ray-ban/ray-ban-meta-(gen-2)-wayfarer/8056262909898,,no model-matching OPSM image
Oakley,Oakley Meta Hstn,https://www.opsm.com.au/glasses/oakley/oakley-meta-hstn/888392702029,,no model-matching OPSM image
Oakley,Ox3184 Tincup™,https://www.opsm.com.au/glasses/oakley/ox3184-tincup™/700285968919,,'ascii' codec can't encode character '\u2122' in position 33: ordinal not in range(128)
Oakley,Ox5113 Lizard™,https://www.opsm.com.au/glasses/oakley/ox5113-lizard™/888392221612,,'ascii' codec can't encode character '\u2122' in position 33: ordinal not in range(128)
Oakley,Ox3227 Fuller™,https://www.opsm.com.au/glasses/oakley/ox3227-fuller™/888392428943,,'ascii' codec can't encode character '\u2122' in position 33: ordinal not in range(128)
Oakley,Ox5038 Metal Plate™,https://www.opsm.com.au/glasses/oakley/ox5038-metal-plate™/700285255002,,'ascii' codec can't encode character '\u2122' in position 38: ordinal not in range(128)
Oliver Peoples,Ov5389D Davitt,https://www.opsm.com.au/glasses/oliver-peoples/ov5389d-davitt/827934423299,,no model-matching OPSM image
Oliver Peoples,Ov5422D Hilden,https://www.opsm.com.au/glasses/oliver-peoples/ov5422d-hilden/827934432499,,no model-matching OPSM image
Oliver Peoples,Ov5437U Ollis,https://www.opsm.com.au/glasses/oliver-peoples/ov5437u-ollis/827934449947,,no model-matching OPSM image
Gucci,GG0025O,https://www.opsm.com.au/glasses/gucci/gg0025o/889652048338,,no model-matching OPSM image
Gucci,GG0027O,https://www.opsm.com.au/glasses/gucci/gg0027o/889652048406,,no model-matching OPSM image
Gucci,GG0011O,https://www.opsm.com.au/glasses/gucci/gg0011o/889652047676,,no model-matching OPSM image
Gucci,GG0396O,https://www.opsm.com.au/glasses/gucci/gg0396o/889652173849,,no model-matching OPSM image
Gucci,GG0883OA,https://www.opsm.com.au/glasses/gucci/gg0883oa/889652324135,,no model-matching OPSM image
Gucci,GG0930OJ,https://www.opsm.com.au/glasses/gucci/gg0930oj/889652326191,,no model-matching OPSM image
Gucci,GG0383O,https://www.opsm.com.au/glasses/gucci/gg0383o/889652176802,,no model-matching OPSM image
Gucci,GG1044O,https://www.opsm.com.au/glasses/gucci/gg1044o/889652353104,,no model-matching OPSM image
Gucci,GC001812,https://www.opsm.com.au/glasses/gucci/gc001812/889652378961,,no model-matching OPSM image
Gucci,GG1530O,https://www.opsm.com.au/glasses/gucci/gg1530o/889652467153,,no model-matching OPSM image
Gucci,GG1554O,https://www.opsm.com.au/glasses/gucci/gg1554o/889652469577,,no model-matching OPSM image
Gucci,GG1193O,https://www.opsm.com.au/glasses/gucci/gg1193o/889652393766,,no model-matching OPSM image
Gucci,GG1994O,https://www.opsm.com.au/glasses/gucci/gg1994o/889652568461,,no model-matching OPSM image
Gucci,GG2005OA,https://www.opsm.com.au/glasses/gucci/gg2005oa/889652571027,,no model-matching OPSM image
Gucci,GG0026O,https://www.opsm.com.au/glasses/gucci/gg0026o/889652048369,,no model-matching OPSM image
Gucci,GG1124OA,https://www.opsm.com.au/glasses/gucci/gg1124oa/889652382005,,no model-matching OPSM image
Gucci,GG1145O,https://www.opsm.com.au/glasses/gucci/gg1145o/889652376134,,no model-matching OPSM image
Gucci,GG0737O,https://www.opsm.com.au/glasses/gucci/gg0737o/889652362045,,no model-matching OPSM image
Tom Ford,FT6032 B,https://www.opsm.com.au/glasses/tom-ford/ft6032-b/889214577894,,no model-matching OPSM image
Tom Ford,FT5626 B,https://www.opsm.com.au/glasses/tom-ford/ft5626-b/889214075512,,no model-matching OPSM image
Tom Ford,FT5295,https://www.opsm.com.au/glasses/tom-ford/ft5295/664689617173,,no model-matching OPSM image
Tom Ford,FT5737 B,https://www.opsm.com.au/glasses/tom-ford/ft5737-b/889214257307,,no model-matching OPSM image
Tom Ford,FT5806 B,https://www.opsm.com.au/glasses/tom-ford/ft5806-b/889214327413,,no model-matching OPSM image
Tom Ford,Ft5818 F B,https://www.opsm.com.au/glasses/tom-ford/ft5818-f-b/889214336996,,no model-matching OPSM image
Tom Ford,FT5890 B,https://www.opsm.com.au/glasses/tom-ford/ft5890-b/889214418890,,no model-matching OPSM image
Tom Ford,FT5901 B,https://www.opsm.com.au/glasses/tom-ford/ft5901-b/889214443465,,no model-matching OPSM image
Tom Ford,FT5937 B,https://www.opsm.com.au/glasses/tom-ford/ft5937-b/889214488459,,no model-matching OPSM image
Tom Ford,FT5939 B,https://www.opsm.com.au/glasses/tom-ford/ft5939-b/889214488565,,no model-matching OPSM image
Tom Ford,FT6058 B,https://www.opsm.com.au/glasses/tom-ford/ft6058-b/889214586681,,no model-matching OPSM image
Versace,VE3186,https://www.opsm.com.au/glasses/versace/ve3186/8056597080521,,no model-matching OPSM image
Versace,VE3293,https://www.opsm.com.au/glasses/versace/ve3293/8056597344432,,no model-matching OPSM image
Versace,VE1066,https://www.opsm.com.au/glasses/versace/ve1066/8053672432909,,no model-matching OPSM image
Versace,VE1271,https://www.opsm.com.au/glasses/versace/ve1271/8056597352789,,no model-matching OPSM image
Giorgio Armani,AR7003,https://www.opsm.com.au/glasses/giorgio-armani/ar7003/8053672164831,,no model-matching OPSM image
Giorgio Armani,AR 112MJ,https://www.opsm.com.au/glasses/giorgio-armani/ar-112mj/8056597104913,,no model-matching OPSM image
Armani Exchange,AX3021F,https://www.opsm.com.au/glasses/armani-exchange/ax3021f/8053672424256,,no model-matching OPSM image
Armani Exchange,AX3050F,https://www.opsm.com.au/glasses/armani-exchange/ax3050f/8053672872378,,no model-matching OPSM image
Armani Exchange,AX3070,https://www.opsm.com.au/glasses/armani-exchange/ax3070/7895653194052,,no model-matching OPSM image
Armani Exchange,AX3027F,https://www.opsm.com.au/glasses/armani-exchange/ax3027f/8053672510836,,no model-matching OPSM image
Coach,HC6138U,https://www.opsm.com.au/glasses/coach/hc6138u/725125030540,,no model-matching OPSM image
Coach,HC5110B,https://www.opsm.com.au/glasses/coach/hc5110b/725125125284,,no model-matching OPSM image
Coach,HC5111,https://www.opsm.com.au/glasses/coach/hc5111/725125104111,,no model-matching OPSM image
Coach,HC6089,https://www.opsm.com.au/glasses/coach/hc6089/725125983181,,no model-matching OPSM image
Polo Ralph Lauren,PH1001,https://www.opsm.com.au/glasses/polo-ralph-lauren/ph1001/8053672723793,,no model-matching OPSM image
Polo Ralph Lauren,PH2155,https://www.opsm.com.au/glasses/polo-ralph-lauren/ph2155/8053672556971,,no model-matching OPSM image
Ralph,RA7113,https://www.opsm.com.au/glasses/ralph/ra7113/8056597102902,,no model-matching OPSM image
Ralph,RA7043,https://www.opsm.com.au/glasses/ralph/ra7043/8053672148091,,no model-matching OPSM image
Ralph,RA7069,https://www.opsm.com.au/glasses/ralph/ra7069/8053672467734,,no model-matching OPSM image
