index,brand,model,form_note,image_path,thumb_path,image_url,page_url,source_domain,source_type,original_size
1,Oakley,Holbrook Low Bridge Fit OX8100F,sport square full-rim,images/001_oakley_holbrook_low_bridge_fit_ox8100f.jpg,thumbs/001_oakley_holbrook_low_bridge_fit_ox8100f.jpg,https://assets.oakley.com/is/image/OakleyEYE/888392603012__STD__shad__fr.png,https://www.oakley.com/en-us/product/W0OX8100F?variant=888392603012,www.oakley.com,official,3768x1884
2,Gentle Monster,Zin 01,minimal square,images/002_gentle_monster_zin_01.jpg,thumbs/002_gentle_monster_zin_01.jpg,https://gm-prd-resource.gentlemonster.com/catalog/product/ZYYE799SURVC/ce740893-5a4c-43c6-9f10-c3a1bcc1118c/11003137_FRONT.jpg,https://www.gentlemonster.com/kr/ja/item/ZYYE799SURVC/zin01,www.gentlemonster.com,official,3600x3600
3,Gentle Monster,Alio GD1,combination square,images/003_gentle_monster_alio_gd1.jpg,thumbs/003_gentle_monster_alio_gd1.jpg,https://gm-prd-resource.gentlemonster.com/catalog/product/194RVEG6I7XGB/e0a36042-2095-43f0-b716-0eb75d6de77e/11000251_FRONT.jpeg,https://www.gentlemonster.com/kr/ja/item/194RVEG6I7XGB/aliogd1,www.gentlemonster.com,official,3600x3600
4,MOSCOT,Lemtosh,keyhole rounded square acetate,images/004_moscot_lemtosh.jpg,thumbs/004_moscot_lemtosh.jpg,https://moscot.com/cdn/shop/files/lemtosh-color-tortoise-pos-2_3d0284ce-bd3e-4c66-84bb-49bd189f2988_grande.jpg?v=1705433402,https://moscot.com/products/lemtosh,moscot.com,official,600x451
5,MOSCOT,Lemtosh Limited Edition Blue Fade,optical frame,images/005_moscot_lemtosh_limited_edition_blue_fade.jpg,thumbs/005_moscot_lemtosh_limited_edition_blue_fade.jpg,https://moscot.com/cdn/shop/files/lemtosh-le-color-blue-fade-pos-2_grande.jpg?v=1781275109,https://moscot.com/products/lemtosh-limited-edition-blue-fade,moscot.com,official,600x451
6,MOSCOT,Dolt,optical frame,images/006_moscot_dolt.jpg,thumbs/006_moscot_dolt.jpg,https://moscot.com/cdn/shop/files/dolt-color-dark-green-pos-2_grande.jpg?v=1776098246,https://moscot.com/products/dolt,moscot.com,official,600x451
7,MOSCOT,Miltzen,round keyhole acetate,images/007_moscot_miltzen.jpg,thumbs/007_moscot_miltzen.jpg,https://moscot.com/cdn/shop/files/miltzen-color-blonde-pos-2_50104e38-c850-461d-94e0-5199d5099f70_grande.jpg?v=1715367926,https://moscot.com/products/miltzen,moscot.com,official,600x451
8,MOSCOT,Arthur,optical frame,images/008_moscot_arthur.jpg,thumbs/008_moscot_arthur.jpg,https://moscot.com/cdn/shop/files/arthur-color-black-pos-2_grande.jpg?v=1758566608,https://moscot.com/products/arthur,moscot.com,official,600x451
9,MOSCOT,Dahven,optical frame,images/009_moscot_dahven.jpg,thumbs/009_moscot_dahven.jpg,https://moscot.com/cdn/shop/files/dahven-color-blonde-pos-2_grande.jpg?v=1699902607,https://moscot.com/products/dahven,moscot.com,official,600x451
10,MOSCOT,Zissel,optical frame,images/010_moscot_zissel.jpg,thumbs/010_moscot_zissel.jpg,https://moscot.com/cdn/shop/files/zissel-color-black-pos-2_grande.jpg?v=1765209443,https://moscot.com/products/zissel,moscot.com,official,600x451
11,MOSCOT,Frankie,optical frame,images/011_moscot_frankie.jpg,thumbs/011_moscot_frankie.jpg,https://moscot.com/cdn/shop/files/frankie-color-tortoise-pos-2_6603d4b6-8c83-47b2-9570-284e77fbf3c1_grande.jpg?v=1758574520,https://moscot.com/products/frankie,moscot.com,official,600x451
12,MOSCOT,Nebb,optical frame,images/012_moscot_nebb.jpg,thumbs/012_moscot_nebb.jpg,https://moscot.com/cdn/shop/files/nebb-color-navy-pos-2_grande.jpg?v=1697407466,https://moscot.com/products/nebb,moscot.com,official,600x451
13,MOSCOT,Plotz,optical frame,images/013_moscot_plotz.jpg,thumbs/013_moscot_plotz.jpg,https://moscot.com/cdn/shop/files/plotz-color-gold-pos-2_grande.jpg?v=1765207556,https://moscot.com/products/plotz,moscot.com,official,600x451
14,MOSCOT,Zev,optical frame,images/014_moscot_zev.jpg,thumbs/014_moscot_zev.jpg,https://moscot.com/cdn/shop/files/zev-color-gold-dark-green-pos-2_grande.jpg?v=1758576598,https://moscot.com/products/zev,moscot.com,official,600x451
15,MOSCOT,Bjorn,optical frame,images/015_moscot_bjorn.jpg,thumbs/015_moscot_bjorn.jpg,https://moscot.com/cdn/shop/files/bjorn-color-tobacco-pos-2_grande.jpg?v=1758571300,https://moscot.com/products/bjorn,moscot.com,official,600x451
16,MOSCOT,Jared,optical frame,images/016_moscot_jared.jpg,thumbs/016_moscot_jared.jpg,https://moscot.com/cdn/shop/files/jared-color-spot-tortoise-pos-2_grande.jpg?v=1766590619,https://moscot.com/products/jared,moscot.com,official,600x451
17,MOSCOT,Aygen,optical frame,images/017_moscot_aygen.jpg,thumbs/017_moscot_aygen.jpg,https://moscot.com/cdn/shop/files/aygen-color-bamboo-gold-pos-2_grande.jpg?v=1765206071,https://moscot.com/products/aygen,moscot.com,official,600x451
18,Ray-Ban,Ray Ban Meta Blayzer Optics,optical frame,images/018_ray_ban_ray_ban_meta_blayzer_optics.jpg,thumbs/018_ray_ban_ray_ban_meta_blayzer_optics.jpg,https://assets2.opsm.com/prod-onecp-record-files/pieyewear/710ac788-8cff-4a2a-b56b-b40f00a53d11/0RW7001__8529__P21__shad__fr.png?impolicy=OP_PDP,https://www.opsm.com.au/glasses/ray-ban/ray-ban-meta-blayzer-optics/8056262945056?rxcnav=treatments,www.opsm.com.au,retailer,1030x430
19,Ray-Ban,Ray Ban Meta Scriber Optics,optical frame,images/019_ray_ban_ray_ban_meta_scriber_optics.jpg,thumbs/019_ray_ban_ray_ban_meta_scriber_optics.jpg,https://assets2.opsm.com/prod-onecp-record-files/pieyewear/dfc00f70-612b-4810-82cd-b40f00a54b6f/0RW7002__2000__P21__shad__fr.png?impolicy=OP_PDP,https://www.opsm.com.au/glasses/ray-ban/ray-ban-meta-scriber-optics/8056262945315?rxcnav=treatments,www.opsm.com.au,retailer,1030x430
20,Ray-Ban,Ray Ban Meta Wayfarer,square optical,images/020_ray_ban_ray_ban_meta_wayfarer.jpg,thumbs/020_ray_ban_ray_ban_meta_wayfarer.jpg,https://assets2.opsm.com/prod-onecp-record-files/pieyewear/a56cbbb3-7bf8-4e2c-bdc5-b371003b2328/0OW8002__800204__P21__shad__fr.png?impolicy=OP_Large&hei=200&wid=400,https://www.opsm.com.au/ray-ban-meta/ray-ban-meta-wayfarer/8056262721339,www.opsm.com.au,retailer,400x200
21,Ray-Ban,Rb3958V Elon Optics Limited Edition,optical frame,images/021_ray_ban_rb3958v_elon_optics_limited_edition.jpg,thumbs/021_ray_ban_rb3958v_elon_optics_limited_edition.jpg,https://assets2.opsm.com/prod-onecp-record-files/pieyewear/a9e667f1-5283-489c-8056-b361016d12ce/0RX3958V__2945__STD__shad__fr.png?impolicy=OP_PDP,https://www.opsm.com.au/glasses/ray-ban/rb3958v-elon-optics-limited-edition/8056597684224,www.opsm.com.au,retailer,1030x430
22,Ray-Ban,Rb3698Vm Scuderia Ferrari Collection,optical frame,images/022_ray_ban_rb3698vm_scuderia_ferrari_collection.jpg,thumbs/022_ray_ban_rb3698vm_scuderia_ferrari_collection.jpg,https://assets2.opsm.com/prod-onecp-record-files/pieyewear/885c523d-beb7-4b33-b66e-b36101034d56/0RX3698VM__F073__STD__shad__fr.png?impolicy=OP_Large,https://www.opsm.com.au/glasses/ray-ban/rb3698vm-scuderia-ferrari-collection/8056597645355,www.opsm.com.au,retailer,2000x1000
23,Ray-Ban,Rb5435 Optics,optical frame,images/023_ray_ban_rb5435_optics.jpg,thumbs/023_ray_ban_rb5435_optics.jpg,https://assets2.opsm.com/prod-onecp-record-files/pieyewear/4ef44c36-1289-4032-9305-b36300776b8f/0RX5435__2000__P21__shad__fr.png?impolicy=OP_Large,https://www.opsm.com.au/glasses/ray-ban/rb5435-optics/8056262269855,www.opsm.com.au,retailer,2000x1000
24,Ray-Ban,Rb4378V Optics,optical frame,images/024_ray_ban_rb4378v_optics.jpg,thumbs/024_ray_ban_rb4378v_optics.jpg,https://assets2.opsm.com/prod-onecp-record-files/pieyewear/76e44dd1-060b-4085-84c9-b3630077f533/0RX4378V__8414__P21__shad__fr.png?impolicy=OP_Large,https://www.opsm.com.au/glasses/ray-ban/rb4378v-optics/7895653323568,www.opsm.com.au,retailer,2000x1000
25,Ray-Ban,Rb3447Vm Scuderia Ferrari Collection,optical frame,images/025_ray_ban_rb3447vm_scuderia_ferrari_collection.jpg,thumbs/025_ray_ban_rb3447vm_scuderia_ferrari_collection.jpg,https://assets2.opsm.com/prod-onecp-record-files/pieyewear/ff8419fd-eb07-4bac-a5dc-b35f016e9025/0RX3447VM__F028__STD__shad__fr.png?impolicy=OP_Large,https://www.opsm.com.au/glasses/ray-ban/rb3447vm-scuderia-ferrari-collection/8056597045742,www.opsm.com.au,retailer,2000x1000
26,Ray-Ban,Rb3716Vm Clubmaster Metal Optics,browline combination,images/026_ray_ban_rb3716vm_clubmaster_metal_optics.jpg,thumbs/026_ray_ban_rb3716vm_clubmaster_metal_optics.jpg,https://assets2.opsm.com/prod-onecp-record-files/pieyewear/51b10648-74e6-437a-aed1-b36000298acf/0RX3716VM__2890__STD__shad__fr.png?impolicy=OP_Large,https://www.opsm.com.au/glasses/ray-ban/rb3716vm-clubmaster-metal-optics/8056597061469,www.opsm.com.au,retailer,2000x1000
27,Ray-Ban,Rb7140 Optics,optical frame,images/027_ray_ban_rb7140_optics.jpg,thumbs/027_ray_ban_rb7140_optics.jpg,https://assets2.opsm.com/prod-onecp-record-files/pieyewear/c4686163-8e8e-45ec-bba8-b35f0096f3f9/0RX7140__2012__STD__shad__fr.png?impolicy=OP_PDP,https://www.opsm.com.au/glasses/ray-ban/rb7140-optics/8053672822588,www.opsm.com.au,retailer,1030x430
28,Ray-Ban,Rb5398 Hawkeye Optics,optical frame,images/028_ray_ban_rb5398_hawkeye_optics.jpg,thumbs/028_ray_ban_rb5398_hawkeye_optics.jpg,https://assets2.opsm.com/prod-onecp-record-files/pieyewear/f51e4628-9cd1-4446-8cda-b36101000620/0RX5398__5112__STD__shad__fr.png?impolicy=OP_PDP,https://www.opsm.com.au/glasses/ray-ban/rb5398-hawkeye-optics/8056597586382,www.opsm.com.au,retailer,1030x430
29,Ray-Ban,Rb3637V New Round Optics,round / panto optical,images/029_ray_ban_rb3637v_new_round_optics.jpg,thumbs/029_ray_ban_rb3637v_new_round_optics.jpg,https://assets2.opsm.com/prod-onecp-record-files/pieyewear/9e128e96-43d2-4a9f-8b8a-b36101361f63/0RX3637V__2501__STD__shad__fr.png?impolicy=OP_PDP,https://www.opsm.com.au/glasses/ray-ban/rb3637v-new-round-optics/8056597641197,www.opsm.com.au,retailer,1030x430
30,Ray-Ban,Rb5499 Lady Burbank Optics,optical frame,images/030_ray_ban_rb5499_lady_burbank_optics.jpg,thumbs/030_ray_ban_rb5499_lady_burbank_optics.jpg,https://assets2.opsm.com/prod-onecp-record-files/pieyewear/41962b4f-0d66-4942-afa8-b3610094d825/0RX5499__8144__STD__shad__fr.png?impolicy=OP_Large,https://www.opsm.com.au/glasses/ray-ban/rb5499-lady-burbank-optics/8056597549479,www.opsm.com.au,retailer,2000x1000
31,Ray-Ban,Rb5428F Rb5428 Optics,optical frame,images/031_ray_ban_rb5428f_rb5428_optics.jpg,thumbs/031_ray_ban_rb5428f_rb5428_optics.jpg,https://assets2.opsm.com/prod-onecp-record-files/pieyewear/3e568b34-1383-43ae-8956-b3a10041c327/0RW4012__601_71__P21__shad__fr.png?impolicy=OP_Large&hei=200&wid=400,https://www.opsm.com.au/glasses/ray-ban/rb5428f-rb5428-optics/8056597729468,www.opsm.com.au,retailer,400x200
32,Ray-Ban,Rb7216 New Clubmaster Optics,browline combination,images/032_ray_ban_rb7216_new_clubmaster_optics.jpg,thumbs/032_ray_ban_rb7216_new_clubmaster_optics.jpg,https://assets2.opsm.com/prod-onecp-record-files/pieyewear/79b5174a-7bac-4b4a-809e-b363003e107c/0RX7216__8379__P21__shad__fr.png?impolicy=OP_PDP,https://www.opsm.com.au/glasses/ray-ban/rb7216-new-clubmaster-optics/8056262098486,www.opsm.com.au,retailer,1030x430
33,Ray-Ban,Rb7213M Optics Scuderia Ferrari Collection,optical frame,images/033_ray_ban_rb7213m_optics_scuderia_ferrari_collection.jpg,thumbs/033_ray_ban_rb7213m_optics_scuderia_ferrari_collection.jpg,https://assets2.opsm.com/prod-onecp-record-files/pieyewear/fad4bdde-0ce6-4dd1-a27d-b362001d30d2/0RX7213M__F628__P21__shad__fr.png?impolicy=OP_Large,https://www.opsm.com.au/glasses/ray-ban/rb7213m-optics-scuderia-ferrari-collection/8056597762304,www.opsm.com.au,retailer,2000x1000
34,Ray-Ban,Rb1971V Square 1971 Optics,square optical,images/034_ray_ban_rb1971v_square_1971_optics.jpg,thumbs/034_ray_ban_rb1971v_square_1971_optics.jpg,https://assets2.opsm.com/prod-onecp-record-files/pieyewear/cc4c1c27-1559-4a6c-9af4-b360001aa614/0RX1971V__2500__STD__shad__fr.png?impolicy=OP_PDP,https://www.opsm.com.au/glasses/ray-ban/rb1971v-square-1971-optics/8056597075626,www.opsm.com.au,retailer,1030x430
35,Ray-Ban,Rb7330F Zena Optics Bio Based,optical frame,images/035_ray_ban_rb7330f_zena_optics_bio_based.jpg,thumbs/035_ray_ban_rb7330f_zena_optics_bio_based.jpg,https://assets2.opsm.com/prod-onecp-record-files/pieyewear/6552c30b-1a22-4270-9423-b3630032dc39/0RX7330F__8346__P21__shad__fr.png?impolicy=OP_Large,https://www.opsm.com.au/glasses/ray-ban/rb7330f-zena-optics-bio-based/8056262049686,www.opsm.com.au,retailer,2000x1000
36,Ray-Ban,Rb5383 Burbank Optics,optical frame,images/036_ray_ban_rb5383_burbank_optics.jpg,thumbs/036_ray_ban_rb5383_burbank_optics.jpg,https://assets2.opsm.com/prod-onecp-record-files/pieyewear/be7c95d2-2e2a-4d88-9ac6-b360007b75f4/0RX5383__2144__STD__shad__fr.png?impolicy=OP_Large,https://www.opsm.com.au/glasses/ray-ban/rb5383-burbank-optics/8056597124034,www.opsm.com.au,retailer,2000x1000
37,Ray-Ban,Rb3447V Round Metal Optics,round / panto optical,images/037_ray_ban_rb3447v_round_metal_optics.jpg,thumbs/037_ray_ban_rb3447v_round_metal_optics.jpg,https://assets2.opsm.com/prod-onecp-record-files/pieyewear/0e96d3b3-02d9-4736-9543-b3a001547573/0RX3447V__3188__P21__shad__fr.png?impolicy=OP_Large,https://www.opsm.com.au/glasses/ray-ban/rb3447v-round-metal-optics/7895653330320,www.opsm.com.au,retailer,2000x1000
38,Persol,PO3189V,optical frame,images/038_persol_po3189v.jpg,thumbs/038_persol_po3189v.jpg,https://assets2.opsm.com/prod-onecp-record-files/pieyewear/4231d741-0da3-4f85-9848-b35f008bdccf/0PO3189V__24__P21__shad__fr.png?impolicy=OP_PDP,https://www.opsm.com.au/glasses/persol/po3189v/8053672825497,www.opsm.com.au,retailer,1030x430
39,Persol,PO3143V,optical frame,images/039_persol_po3143v.jpg,thumbs/039_persol_po3143v.jpg,https://assets2.opsm.com/prod-onecp-record-files/pieyewear/50872fbd-c6bc-488f-8731-b35e012404a4/0PO3143V__1051__P21__shad__fr.png?impolicy=OP_Large,https://www.opsm.com.au/glasses/persol/po3143v/8053672593907,www.opsm.com.au,retailer,2000x1000
40,Persol,PO3275V,optical frame,images/040_persol_po3275v.jpg,thumbs/040_persol_po3275v.jpg,https://assets2.opsm.com/prod-onecp-record-files/pieyewear/db3028f8-6984-4bbb-b30d-b36100ab11ed/0PO3275V__204__P21__shad__fr.png?impolicy=OP_Large,https://www.opsm.com.au/glasses/persol/po3275v/8056597529082,www.opsm.com.au,retailer,2000x1000
41,Persol,PO3292V,optical frame,images/041_persol_po3292v.jpg,thumbs/041_persol_po3292v.jpg,https://assets2.opsm.com/prod-onecp-record-files/pieyewear/78044cf2-856e-4630-bd38-b36100f673fb/0PO3292V__95__P21__shad__fr.png?impolicy=OP_Large,https://www.opsm.com.au/glasses/persol/po3292v/8056597593656,www.opsm.com.au,retailer,2000x1000
42,Persol,Po3387V Pier,optical frame,images/042_persol_po3387v_pier.jpg,thumbs/042_persol_po3387v_pier.jpg,https://assets2.opsm.com/prod-onecp-record-files/pieyewear/3c075c2e-e2dd-4755-8511-b3a0014ee453/0PO3387V__95__P21__shad__fr.png?impolicy=OP_PDP,https://www.opsm.com.au/glasses/persol/po3387v-pier/8056262553749,www.opsm.com.au,retailer,1030x430
43,Oliver Peoples,Ov5579U Neylan,optical frame,images/043_oliver_peoples_ov5579u_neylan.jpg,thumbs/043_oliver_peoples_ov5579u_neylan.jpg,https://assets2.opsm.com/prod-onecp-record-files/pieyewear/d7bfd813-dd16-47aa-96ba-b412015dcd24/0OV5579U__1777__P21__shad__fr.png?impolicy=OP_PDP,https://www.opsm.com.au/glasses/oliver-peoples/ov5579u-neylan/827934507234,www.opsm.com.au,retailer,1030x430
44,Oliver Peoples,Ov1359T Tk 10,optical frame,images/044_oliver_peoples_ov1359t_tk_10.jpg,thumbs/044_oliver_peoples_ov1359t_tk_10.jpg,https://assets2.opsm.com/prod-onecp-record-files/pieyewear/ce80f6c8-adc0-4293-8fdc-b39e00263f3f/0OV1359T__5284__P21__shad__fr.png?impolicy=OP_Large,https://www.opsm.com.au/glasses/oliver-peoples/ov1359t-tk-10/827934507722,www.opsm.com.au,retailer,2000x1000
45,Oliver Peoples,Ov1354T Tk 12,optical frame,images/045_oliver_peoples_ov1354t_tk_12.jpg,thumbs/045_oliver_peoples_ov1354t_tk_12.jpg,https://assets2.opsm.com/prod-onecp-record-files/pieyewear/83dfb905-821f-4576-b424-b3a00119541b/0OV1354T__5341__P21__shad__fr.png?impolicy=OP_PDP,https://www.opsm.com.au/glasses/oliver-peoples/ov1354t-tk-12/827934507470,www.opsm.com.au,retailer,1030x430
46,Oliver Peoples,Ov1104 Mp 2,optical frame,images/046_oliver_peoples_ov1104_mp_2.jpg,thumbs/046_oliver_peoples_ov1104_mp_2.jpg,https://assets2.opsm.com/prod-onecp-record-files/pieyewear/7b68693c-3798-4468-82b2-b35f0026c481/0OV1104__5244__P21__shad__fr.png?impolicy=OP_PDP,https://www.opsm.com.au/glasses/oliver-peoples/ov1104-mp-2/827934400610,www.opsm.com.au,retailer,1030x430
47,Oliver Peoples,Ov5371D Winnett,optical frame,images/047_oliver_peoples_ov5371d_winnett.jpg,thumbs/047_oliver_peoples_ov5371d_winnett.jpg,https://assets2.opsm.com/prod-onecp-record-files/pieyewear/40e21721-b87d-44fb-8262-b35f00ad979a/0OV5371D__1443__P21__shad__fr.png?impolicy=OP_Large,https://www.opsm.com.au/glasses/oliver-peoples/ov5371d-winnett/827934414938,www.opsm.com.au,retailer,2000x1000
48,Oliver Peoples,Ov5397U Finley Vintage,optical frame,images/048_oliver_peoples_ov5397u_finley_vintage.jpg,thumbs/048_oliver_peoples_ov5397u_finley_vintage.jpg,https://assets2.opsm.com/prod-onecp-record-files/pieyewear/0283cc66-fab9-4e6b-a3a6-b35f01674e30/0OV5397U__1318__P21__shad__fr.png?impolicy=OP_Large,https://www.opsm.com.au/glasses/oliver-peoples/ov5397u-finley-vintage/827934426597,www.opsm.com.au,retailer,2000x1000
49,Oliver Peoples,Ov5219 Fairmont,optical frame,images/049_oliver_peoples_ov5219_fairmont.jpg,thumbs/049_oliver_peoples_ov5219_fairmont.jpg,https://assets2.opsm.com/prod-onecp-record-files/pieyewear/d8f1d640-6d73-4385-b8cd-b35d00f66877/0OV5219__1003__P21__shad__fr.png?impolicy=OP_PDP,https://www.opsm.com.au/glasses/oliver-peoples/ov5219-fairmont/827934357860,www.opsm.com.au,retailer,1030x430
50,Oliver Peoples,Ov5454U Desmon,optical frame,images/050_oliver_peoples_ov5454u_desmon.jpg,thumbs/050_oliver_peoples_ov5454u_desmon.jpg,https://assets2.opsm.com/prod-onecp-record-files/pieyewear/036a9b89-cde0-45f2-b69e-b36300444e3f/0OV5454U__1779__P21__shad__fr.png?impolicy=OP_PDP,https://www.opsm.com.au/glasses/oliver-peoples/ov5454u-desmon/827934503656,www.opsm.com.au,retailer,1030x430
51,Prada,PR 22ZVF,optical frame,images/051_prada_pr_22zvf.jpg,thumbs/051_prada_pr_22zvf.jpg,https://assets2.opsm.com/prod-onecp-record-files/pieyewear/74654a4f-fe37-4c91-9092-b36200feb656/0PR_22ZVF__19J1O1__P21__shad__fr.png?impolicy=OP_PDP,https://www.opsm.com.au/glasses/prada/pr-22zvf/8056597875691,www.opsm.com.au,retailer,1030x430
52,Prada,PR 18ZVF,optical frame,images/052_prada_pr_18zvf.jpg,thumbs/052_prada_pr_18zvf.jpg,https://assets2.opsm.com/prod-onecp-record-files/pieyewear/826fd1c7-2289-404c-826d-b36200fdc696/0PR_18ZVF__U431O1__P21__shad__fr.png?impolicy=OP_Large,https://www.opsm.com.au/glasses/prada/pr-18zvf/8056597878197,www.opsm.com.au,retailer,2000x1000
53,Prada,PR A06V,optical frame,images/053_prada_pr_a06v.jpg,thumbs/053_prada_pr_a06v.jpg,https://assets2.opsm.com/prod-onecp-record-files/pieyewear/2b0cdc69-2dd5-454d-b600-b3620166f2d3/0PR_A06V__17O1O1__P21__shad__fr.png?impolicy=OP_PDP,https://www.opsm.com.au/glasses/prada/pr-a06v/8056597969925,www.opsm.com.au,retailer,1030x430
54,Prada,PR A09VF,optical frame,images/054_prada_pr_a09vf.jpg,thumbs/054_prada_pr_a09vf.jpg,https://assets2.opsm.com/prod-onecp-record-files/pieyewear/403ffb88-deae-42c7-a936-b3620172e357/0PR_A09VF__15O1O1__P21__shad__fr.png?impolicy=OP_Large,https://www.opsm.com.au/glasses/prada/pr-a09vf/8056597971102,www.opsm.com.au,retailer,2000x1000
55,Prada,PR A13VF,optical frame,images/055_prada_pr_a13vf.jpg,thumbs/055_prada_pr_a13vf.jpg,https://assets2.opsm.com/prod-onecp-record-files/pieyewear/8c3506d6-97a7-474f-a607-b3630041f023/0PR_A13VF__19T1O1__P21__shad__fr.png?impolicy=OP_PDP,https://www.opsm.com.au/glasses/prada/pr-a13vf/8056262132005,www.opsm.com.au,retailer,1030x430
56,Prada,PR A16V,optical frame,images/056_prada_pr_a16v.jpg,thumbs/056_prada_pr_a16v.jpg,https://assets2.opsm.com/prod-onecp-record-files/pieyewear/5c47b202-9f3e-4ba6-870a-b36300374b88/0PR_A16V__16K1O1__P21__shad__fr.png?impolicy=OP_Large,https://www.opsm.com.au/glasses/prada/pr-a16v/8056262143513,www.opsm.com.au,retailer,2000x1000
57,Prada,PR A20V,optical frame,images/057_prada_pr_a20v.jpg,thumbs/057_prada_pr_a20v.jpg,https://assets2.opsm.com/prod-onecp-record-files/pieyewear/99f47bab-4d2f-4fc2-8045-b36300424716/0PR_A20V__16K1O1__P21__shad__fr.png?impolicy=OP_PDP,https://www.opsm.com.au/glasses/prada/pr-a20v/8056262146187,www.opsm.com.au,retailer,1030x430
58,Prada,PR A20VF,optical frame,images/058_prada_pr_a20vf.jpg,thumbs/058_prada_pr_a20vf.jpg,https://assets2.opsm.com/prod-onecp-record-files/pieyewear/1a9e4581-51e4-4b21-9e99-b3630041b242/0PR_A20VF__19R1O1__P21__shad__fr.png?impolicy=OP_PDP,https://www.opsm.com.au/glasses/prada/pr-a20vf/8056262146286,www.opsm.com.au,retailer,1030x430
59,Prada,PR A57V,optical frame,images/059_prada_pr_a57v.jpg,thumbs/059_prada_pr_a57v.jpg,https://assets2.opsm.com/prod-onecp-record-files/pieyewear/581f96d2-6587-4c3b-a1df-b36300423c8c/0PR_A57V__5AK1O1__P21__shad__fr.png?impolicy=OP_Large,https://www.opsm.com.au/glasses/prada/pr-a57v/8056262146798,www.opsm.com.au,retailer,2000x1000
60,Prada,PR 15YV,optical frame,images/060_prada_pr_15yv.jpg,thumbs/060_prada_pr_15yv.jpg,https://assets2.opsm.com/prod-onecp-record-files/pieyewear/f9dd9492-ae12-476b-bcb8-b361013b3092/0PR_15YV__1AB1O1__STD__shad__fr.png?impolicy=OP_Large,https://www.opsm.com.au/glasses/prada/pr-15yv/8056597629010,www.opsm.com.au,retailer,2000x1000
61,Prada,PR 22ZV,optical frame,images/061_prada_pr_22zv.jpg,thumbs/061_prada_pr_22zv.jpg,https://assets2.opsm.com/prod-onecp-record-files/pieyewear/4515ea77-3e28-4750-b90b-b36200fe5d7c/0PR_22ZV__19J1O1__P21__shad__fr.png?impolicy=OP_PDP,https://www.opsm.com.au/glasses/prada/pr-22zv/8056597875646,www.opsm.com.au,retailer,1030x430
62,Versace,VE1275,optical frame,images/062_versace_ve1275.jpg,thumbs/062_versace_ve1275.jpg,https://assets2.opsm.com/prod-onecp-record-files/pieyewear/c13b11f2-76f5-4721-82c5-b361001339f7/0VE1275__1433__STD__shad__fr.png?impolicy=OP_Large,https://www.opsm.com.au/glasses/versace/ve1275/8056597384520,www.opsm.com.au,retailer,2000x1000
63,Versace,VE1314D,optical frame,images/063_versace_ve1314d.jpg,thumbs/063_versace_ve1314d.jpg,https://assets2.opsm.com/prod-onecp-record-files/pieyewear/f9247205-14cb-4ba3-b103-b3a0014d3ad3/0VE1314D__1001__P21__shad__fr.png?impolicy=OP_PDP,https://www.opsm.com.au/glasses/versace/ve1314d/8056262581438,www.opsm.com.au,retailer,1030x430
64,Versace,VE3377U,optical frame,images/064_versace_ve3377u.jpg,thumbs/064_versace_ve3377u.jpg,https://assets2.opsm.com/prod-onecp-record-files/pieyewear/86bba715-1809-4bdd-953d-b39e0042dc3a/0VE3377U__5510__P21__shad__fr.png?impolicy=OP_PDP,https://www.opsm.com.au/glasses/versace/ve3377u/8056262422809,www.opsm.com.au,retailer,1030x430
65,Versace,VE3367U,optical frame,images/065_versace_ve3367u.jpg,thumbs/065_versace_ve3367u.jpg,https://assets2.opsm.com/prod-onecp-record-files/pieyewear/d044bcde-b18a-4b2d-8c20-b36300761713/0VE3367U__GB1__P21__shad__fr.png?impolicy=OP_Large,https://www.opsm.com.au/glasses/versace/ve3367u/8056262222966,www.opsm.com.au,retailer,2000x1000
66,Versace,VE1301,optical frame,images/066_versace_ve1301.jpg,thumbs/066_versace_ve1301.jpg,https://assets2.opsm.com/prod-onecp-record-files/pieyewear/5a4d6508-9530-4538-bad0-b36300750808/0VE1301__1412__P21__shad__fr.png?impolicy=OP_PDP,https://www.opsm.com.au/glasses/versace/ve1301/8056262220986,www.opsm.com.au,retailer,1030x430
67,Versace,VE3368U,optical frame,images/067_versace_ve3368u.jpg,thumbs/067_versace_ve3368u.jpg,https://assets2.opsm.com/prod-onecp-record-files/pieyewear/ea371e77-2c1f-4c1b-b503-b36300757b08/0VE3368U__5360__P21__shad__fr.png?impolicy=OP_PDP,https://www.opsm.com.au/glasses/versace/ve3368u/8056262222027,www.opsm.com.au,retailer,1030x430
68,Versace,VE3274B,optical frame,images/068_versace_ve3274b.jpg,thumbs/068_versace_ve3274b.jpg,https://assets2.opsm.com/prod-onecp-record-files/pieyewear/561641db-cdd2-4375-a4ab-b36100439c25/0VE3274B__5305__STD__shad__fr.png?impolicy=OP_PDP,https://www.opsm.com.au/glasses/versace/ve3274b/8056597412858,www.opsm.com.au,retailer,1030x430
69,Versace,VE3294,optical frame,images/069_versace_ve3294.jpg,thumbs/069_versace_ve3294.jpg,https://assets2.opsm.com/prod-onecp-record-files/pieyewear/baaeeccb-bb24-42ba-93a9-b36001753d1a/0VE3294__108__STD__shad__fr.png?impolicy=OP_Large,https://www.opsm.com.au/glasses/versace/ve3294/8056597340809,www.opsm.com.au,retailer,2000x1000
70,Versace,VE1233Q,optical frame,images/070_versace_ve1233q.jpg,thumbs/070_versace_ve1233q.jpg,https://assets2.opsm.com/prod-onecp-record-files/pieyewear/0effb61c-05e9-4a2c-aada-b35e0132819c/0VE1233Q__1344__P21__shad__fr.png?impolicy=OP_Large,https://www.opsm.com.au/glasses/versace/ve1233q/8053672613001,www.opsm.com.au,retailer,2000x1000
71,Miu Miu,MU 09XVF,optical frame,images/071_miu_miu_mu_09xvf.jpg,thumbs/071_miu_miu_mu_09xvf.jpg,https://assets2.opsm.com/prod-onecp-record-files/pieyewear/313b4ece-dad2-4318-9ec9-b37000c130f5/0MU_09XVF__VAU1O1__P21__shad__fr.png?impolicy=OP_Large,https://www.opsm.com.au/glasses/miu-miu/mu-09xvf/8056262150207,www.opsm.com.au,retailer,2000x1000
72,Miu Miu,MU 04UV,optical frame,images/072_miu_miu_mu_04uv.jpg,thumbs/072_miu_miu_mu_04uv.jpg,https://assets2.opsm.com/prod-onecp-record-files/pieyewear/39b10568-92f9-4028-b4f7-b363002f4b8a/0MU_04UV__11T1O1__P21__shad__fr.png?impolicy=OP_PDP,https://www.opsm.com.au/glasses/miu-miu/mu-04uv/8056262086643,www.opsm.com.au,retailer,1030x430
73,Miu Miu,MU 01VV,optical frame,images/073_miu_miu_mu_01vv.jpg,thumbs/073_miu_miu_mu_01vv.jpg,https://assets2.opsm.com/prod-onecp-record-files/pieyewear/564c9939-6c89-43d2-9604-b36200337018/0MU_01VV__2AZ1O1__P21__shad__fr.png?impolicy=OP_PDP,https://www.opsm.com.au/glasses/miu-miu/mu-01vv/8056597784580,www.opsm.com.au,retailer,1030x430
74,Miu Miu,MU 02XV,optical frame,images/074_miu_miu_mu_02xv.jpg,thumbs/074_miu_miu_mu_02xv.jpg,https://assets2.opsm.com/prod-onecp-record-files/pieyewear/d206658b-b99e-4937-95fc-b3620163e36f/0MU_02XV__1AB1O1__P21__shad__fr.png?impolicy=OP_Large,https://www.opsm.com.au/glasses/miu-miu/mu-02xv/8056597980265,www.opsm.com.au,retailer,2000x1000
75,Miu Miu,MU 07XV,optical frame,images/075_miu_miu_mu_07xv.jpg,thumbs/075_miu_miu_mu_07xv.jpg,https://assets2.opsm.com/prod-onecp-record-files/pieyewear/c2983332-3a4c-4be4-911a-b3630040c45f/0MU_07XV__16K1O1__P21__shad__fr.png?impolicy=OP_Large,https://www.opsm.com.au/glasses/miu-miu/mu-07xv/8056262143322,www.opsm.com.au,retailer,2000x1000
76,Miu Miu,MU 11XV,optical frame,images/076_miu_miu_mu_11xv.jpg,thumbs/076_miu_miu_mu_11xv.jpg,https://assets2.opsm.com/prod-onecp-record-files/pieyewear/ac83c0e4-1c56-419e-a80e-b3630038e0c1/0MU_11XV__VAU1O1__P21__shad__fr.png?impolicy=OP_Large,https://www.opsm.com.au/glasses/miu-miu/mu-11xv/8056262145470,www.opsm.com.au,retailer,2000x1000
77,Miu Miu,MU 09XV,optical frame,images/077_miu_miu_mu_09xv.jpg,thumbs/077_miu_miu_mu_09xv.jpg,https://assets2.opsm.com/prod-onecp-record-files/pieyewear/119286e7-1d37-4c55-82d5-b363004093a3/0MU_09XV__16K1O1__P21__shad__fr.png?impolicy=OP_Large,https://www.opsm.com.au/glasses/miu-miu/mu-09xv/8056262145258,www.opsm.com.au,retailer,2000x1000
78,Miu Miu,MU 52XV,optical frame,images/078_miu_miu_mu_52xv.jpg,thumbs/078_miu_miu_mu_52xv.jpg,https://assets2.opsm.com/prod-onecp-record-files/pieyewear/dd5f8022-81b9-4fab-abdf-b36300419ed2/0MU_52XV__1BC1O1__P21__shad__fr.png?impolicy=OP_Large,https://www.opsm.com.au/glasses/miu-miu/mu-52xv/8056262145173,www.opsm.com.au,retailer,2000x1000
79,Miu Miu,MU 03WV,optical frame,images/079_miu_miu_mu_03wv.jpg,thumbs/079_miu_miu_mu_03wv.jpg,https://assets2.opsm.com/prod-onecp-record-files/pieyewear/1b65b7fa-c799-49c4-b3f7-b370008b8a2e/0MU_03WV__16K1O1__P21__shad__fr.png?impolicy=OP_Large,https://www.opsm.com.au/glasses/miu-miu/mu-03wv/8056262398425,www.opsm.com.au,retailer,2000x1000
80,Miu Miu,MU 53WV,optical frame,images/080_miu_miu_mu_53wv.jpg,thumbs/080_miu_miu_mu_53wv.jpg,https://assets2.opsm.com/prod-onecp-record-files/pieyewear/ecd2924f-42ee-42f2-bb44-b370008c3167/0MU_53WV__ZVN1O1__P21__shad__fr.png?impolicy=OP_Large,https://www.opsm.com.au/glasses/miu-miu/mu-53wv/8056262410929,www.opsm.com.au,retailer,2000x1000
81,Burberry,Be2363 Sylvie,optical frame,images/081_burberry_be2363_sylvie.jpg,thumbs/081_burberry_be2363_sylvie.jpg,https://assets2.opsm.com/prod-onecp-record-files/pieyewear/0654f5b4-50e9-471b-aa07-b3620017e381/0BE2363__3001__P21__shad__fr.png?impolicy=OP_PDP,https://www.opsm.com.au/glasses/burberry/be2363-sylvie/8056597727174,www.opsm.com.au,retailer,1030x430
82,Burberry,Be2373U Angelica,optical frame,images/082_burberry_be2373u_angelica.jpg,thumbs/082_burberry_be2373u_angelica.jpg,https://assets2.opsm.com/prod-onecp-record-files/pieyewear/0d6bd676-e380-4c4d-927c-b36200bb4d79/0BE2373U__3961__P21__shad__fr.png?impolicy=OP_Large,https://www.opsm.com.au/glasses/burberry/be2373u-angelica/8056597883795,www.opsm.com.au,retailer,2000x1000
83,Burberry,Be1350 Erin,optical frame,images/083_burberry_be1350_erin.jpg,thumbs/083_burberry_be1350_erin.jpg,https://assets2.opsm.com/prod-onecp-record-files/pieyewear/9365097b-249e-4d7a-81c9-b3610126da9f/0BE1350__1326__STD__shad__fr.png?impolicy=OP_PDP,https://www.opsm.com.au/glasses/burberry/be1350-erin/8056597615082,www.opsm.com.au,retailer,1030x430
84,Burberry,BE2172,optical frame,images/084_burberry_be2172.jpg,thumbs/084_burberry_be2172.jpg,https://assets2.opsm.com/prod-onecp-record-files/pieyewear/94e3a633-acc6-439c-9d5b-b35d01317c09/0BE2172__3001__P21__shad__fr.png?impolicy=OP_Large,https://www.opsm.com.au/glasses/burberry/be2172/8053672302028,www.opsm.com.au,retailer,2000x1000
85,Burberry,Be1348 Alba,optical frame,images/085_burberry_be1348_alba.jpg,thumbs/085_burberry_be1348_alba.jpg,https://assets2.opsm.com/prod-onecp-record-files/pieyewear/05b52768-9a0d-4106-b9d4-b3600100f006/0BE1348__1306__P21__shad__fr.png?impolicy=OP_Large,https://www.opsm.com.au/glasses/burberry/be1348-alba/8056597218511,www.opsm.com.au,retailer,2000x1000
86,Burberry,Be2355 Arlo,optical frame,images/086_burberry_be2355_arlo.jpg,thumbs/086_burberry_be2355_arlo.jpg,https://assets2.opsm.com/prod-onecp-record-files/pieyewear/cc3b30a0-b2b7-499f-8c3d-b36100f1fab4/0BE2355__3001__STD__shad__fr.png?impolicy=OP_PDP,https://www.opsm.com.au/glasses/burberry/be2355-arlo/8056597596336,www.opsm.com.au,retailer,1030x430
87,Burberry,Be2359 Pearce,optical frame,images/087_burberry_be2359_pearce.jpg,thumbs/087_burberry_be2359_pearce.jpg,https://assets2.opsm.com/prod-onecp-record-files/pieyewear/aedf68ab-f57f-40eb-9e3c-b36100f2ee10/0BE2359__3002__STD__shad__fr.png?impolicy=OP_Large,https://www.opsm.com.au/glasses/burberry/be2359-pearce/8056597599573,www.opsm.com.au,retailer,2000x1000
88,Burberry,Be1372 Malcolm,optical frame,images/088_burberry_be1372_malcolm.jpg,thumbs/088_burberry_be1372_malcolm.jpg,https://assets2.opsm.com/prod-onecp-record-files/pieyewear/5c29b35d-a23b-495c-9638-b362001dc68e/0BE1372__1007__P21__shad__fr.png?impolicy=OP_Large,https://www.opsm.com.au/glasses/burberry/be1372-malcolm/8056597733977,www.opsm.com.au,retailer,2000x1000
89,Burberry,Be2339 Harrington,optical frame,images/089_burberry_be2339_harrington.jpg,thumbs/089_burberry_be2339_harrington.jpg,https://assets2.opsm.com/prod-onecp-record-files/pieyewear/184f4a1c-0a05-4b71-bbfa-b361002279ac/0BE2339__3028__STD__shad__fr.png?impolicy=OP_PDP,https://www.opsm.com.au/glasses/burberry/be2339-harrington/8056597423250,www.opsm.com.au,retailer,1030x430
90,Burberry,BE2255Q,optical frame,images/090_burberry_be2255q.jpg,thumbs/090_burberry_be2255q.jpg,https://assets2.opsm.com/prod-onecp-record-files/pieyewear/a38fd35a-ba68-4197-8348-b35f00611744/0BE2255Q__3001__P21__shad__fr.png?impolicy=OP_PDP,https://www.opsm.com.au/glasses/burberry/be2255q/8053672762013,www.opsm.com.au,retailer,1030x430
91,Burberry,BE2291,optical frame,images/091_burberry_be2291.jpg,thumbs/091_burberry_be2291.jpg,https://assets2.opsm.com/prod-onecp-record-files/pieyewear/777a012d-d6d8-4cd7-9ef5-b35f016bf4a3/0BE2291__3792__P21__shad__fr.png?impolicy=OP_Large,https://www.opsm.com.au/glasses/burberry/be2291/8053672116304,www.opsm.com.au,retailer,2000x1000
92,Burberry,Be2334 Elm,optical frame,images/092_burberry_be2334_elm.jpg,thumbs/092_burberry_be2334_elm.jpg,https://assets2.opsm.com/prod-onecp-record-files/pieyewear/09e41d19-91ea-4c44-9497-b3610126c173/0BE2334__3024__STD__shad__fr.png?impolicy=OP_PDP,https://www.opsm.com.au/glasses/burberry/be2334-elm/8056597640596,www.opsm.com.au,retailer,1030x430
93,Burberry,Jb2003U Kids,optical frame,images/093_burberry_jb2003u_kids.jpg,thumbs/093_burberry_jb2003u_kids.jpg,https://assets2.opsm.com/prod-onecp-record-files/pieyewear/bc40549b-2a77-4c8b-8469-b36201097935/0JB2003U__4047__P21__shad__fr.png?impolicy=OP_Large,https://www.opsm.com.au/glasses/burberry/jb2003u-kids/8056597891288,www.opsm.com.au,retailer,2000x1000
94,Burberry,Jb2007 Kids,optical frame,images/094_burberry_jb2007_kids.jpg,thumbs/094_burberry_jb2007_kids.jpg,https://assets2.opsm.com/prod-onecp-record-files/pieyewear/2859cbe5-b642-4816-8ced-b362010d012e/0JB2007__4060__P21__shad__fr.png?impolicy=OP_PDP,https://www.opsm.com.au/glasses/burberry/jb2007-kids/8056597891592,www.opsm.com.au,retailer,1030x430
95,Giorgio Armani,AR7074,optical frame,images/095_giorgio_armani_ar7074.jpg,thumbs/095_giorgio_armani_ar7074.jpg,https://assets2.opsm.com/prod-onecp-record-files/pieyewear/c8409b6c-5b07-4dc0-ba2d-b35e0018a311/0AR7074__5405__P21__shad__fr.png?impolicy=OP_Large,https://www.opsm.com.au/glasses/giorgio-armani/ar7074/8053672392074,www.opsm.com.au,retailer,2000x1000
96,Giorgio Armani,AR7160,optical frame,images/096_giorgio_armani_ar7160.jpg,thumbs/096_giorgio_armani_ar7160.jpg,https://assets2.opsm.com/prod-onecp-record-files/pieyewear/68abc6b2-c931-4ed7-934c-b35f00ff0ffb/0AR7160__5681__P21__shad__fr.png?impolicy=OP_Large,https://www.opsm.com.au/glasses/giorgio-armani/ar7160/8053672879155,www.opsm.com.au,retailer,2000x1000
97,Giorgio Armani,AR5134,optical frame,images/097_giorgio_armani_ar5134.jpg,thumbs/097_giorgio_armani_ar5134.jpg,https://assets2.opsm.com/prod-onecp-record-files/pieyewear/62c47c49-59d9-4441-8547-b36200ce931b/0AR5134__3001__P21__shad__fr.png?impolicy=OP_PDP,https://www.opsm.com.au/glasses/giorgio-armani/ar5134/8056597826792,www.opsm.com.au,retailer,1030x430
98,Giorgio Armani,AR7004,optical frame,images/098_giorgio_armani_ar7004.jpg,thumbs/098_giorgio_armani_ar7004.jpg,https://assets2.opsm.com/prod-onecp-record-files/pieyewear/c4368fd5-349f-40ed-8aa6-b35c01237568/0AR7004__5001__P21__shad__fr.png?impolicy=OP_Large,https://www.opsm.com.au/glasses/giorgio-armani/ar7004/8053672032147,www.opsm.com.au,retailer,2000x1000
99,Giorgio Armani,AR7104,optical frame,images/099_giorgio_armani_ar7104.jpg,thumbs/099_giorgio_armani_ar7104.jpg,https://assets2.opsm.com/prod-onecp-record-files/pieyewear/edc66f61-dc63-4975-a0b5-b35e00e1a17f/0AR7104__5063__P21__shad__fr.png?impolicy=OP_PDP,https://www.opsm.com.au/glasses/giorgio-armani/ar7104/8053672542431,www.opsm.com.au,retailer,1030x430
100,Giorgio Armani,AR7042,optical frame,images/100_giorgio_armani_ar7042.jpg,thumbs/100_giorgio_armani_ar7042.jpg,https://assets2.opsm.com/prod-onecp-record-files/pieyewear/ef783309-f691-4dca-b1fd-b35c011d185b/0AR7042__5063__P21__shad__fr.png?impolicy=OP_Large,https://www.opsm.com.au/glasses/giorgio-armani/ar7042/8053672290042,www.opsm.com.au,retailer,2000x1000
